equipment_port,equipment_id,dest_code,dest_type,Unnamed: 4,Unnamed: 5
c1_1,c1,571J,L,,
c1_2,c1,回流,L,,
c1_3,c1,571JB,L,,
c1_4,c1,571AE,L,,
c1_5,c1,571QD,L,,
c1_6,c1,571TP,L,,
c1_7,c1,571QE,L,,
c1_8,c1,571TQ,L,,
c1_9,c1,571AJ,L,,
c1_10,c1,571TK,L,,
c1_11,c1,571CD,L,,
c1_12,c1,571TB,L,,
c1_13,c1,571AG,L,,
c1_14,c1,571NF,L,,
c1_15,c1,571QC,L,,
c1_16,c1,571NA,L,,
c1_17,c1,571DC,L,,
c1_18,c1,571AQ,L,,
c1_19,c1,571KL,L,,
c1_20,c1,571HB,L,,
c1_21,c1,571B,L,,
c1_22,c1,571NB,L,,
c1_23,c1,571AM,L,,
c1_24,c1,571NH,L,,
c1_25,c1,571PF,L,,
c1_26,c1,C571H,L,,
c1_27,c1,571BM,L,,
c1_28,c1,571重货,L,,
c1_29,c1,571AF,L,,
c1_30,c1,571HC,L,,
c1_31,c1,571AD,L,,
c1_32,c1,571AB,L,,
c1_33,c1,571DB,L,,
c1_34,c1,571TL,L,,
c1_35,c1,571D,L,,
c1_36,c1,571KC,L,,
c1_37,c1,571HP,L,,
c1_38,c1,571TD,L,,
c1_39,c1,571DA,L,,
c1_40,c1,571FC,L,,
c1_41,c1,571FM,L,,
c1_42,c1,571FN,L,,
c1_43,c1,571FF,L,,
c1_44,c1,571FQ,L,,
c1_45,c1,571FT,L,,
c1_46,c1,571FP,L,,
c1_47,c1,571FB,L,,
c1_48,c1,571FA,L,,
c1_49,c1,571CK,L,,
c1_50,c1,571KM,L,,
c2_1,c2,,L,,
c2_2,c2,571GD,L,,
c2_3,c2,C551HH,L,,
c2_4,c2,571PH,L,,
c2_5,c2,C551HH,L,,
c2_6,c2,571PB,L,,
c2_7,c2,C551,L,,
c2_8,c2,571PG,L,,
c2_9,c2,高危快件,L,,
c2_10,c2,571PD,L,,
c2_11,c2,C563,L,,
c2_12,c2,571MB,L,,
c2_13,c2,C559,L,,
c2_14,c2,571FG,L,,
c2_15,c2,C791H,L,,
c2_16,c2,571MF,L,,
c2_17,c2,C791,L,,
c2_18,c2,571MQ,L,,
c2_19,c2,C701,L,,
c2_20,c2,571L,L,,
c2_21,c2,C793,L,,
c2_22,c2,571SC,L,,
c2_23,c2,C790,L,,
c2_24,c2,571G,L,,
c2_25,c2,,L,,
c2_26,c2,571SD,L,,
c2_27,c2,C552,L,,
c2_28,c2,571FK,L,,
c2_29,c2,C553,L,,
c2_30,c2,571SB,L,,
c2_31,c2,C572,L,,
c2_32,c2,571FD,L,,
c2_33,c2,C550,L,,
c2_34,c2,571FS,L,,
c2_35,c2,C550,L,,
c2_36,c2,571FR,L,,
c2_37,c2,C577,L,,
c2_38,c2,571SA,L,,
c2_39,c2,C577,L,,
c2_40,c2,571SQ,L,,
c2_41,c2,C025H,L,,
c2_42,c2,571SF,L,,
c2_43,c2,C025,L,,
c2_44,c2,571EA,L,,
c2_45,c2,C021,L,,
c2_46,c2,571E,L,,
c2_47,c2,C021,L,,
c2_48,c2,571CS,L,,
c2_49,c2,,L,,
c2_50,c2,571AA,L,,
c3_1,c3,L回流,L,,
c3_2,c3,A回流,L,,
c3_3,c3,高危快件,L,,
c3_4,c3,虹航,L,,
c3_5,c3,时效挽救,L,,
c3_6,c3,虹航国际,L,,
c3_7,c3,C512HH,L,,
c3_8,c3,周二虹航,L,,
c3_9,c3,无锡一级,L,,
c3_10,c3,周七虹航,L,,
c3_11,c3,无锡二级,L,,
c3_12,c3,周七虹航,L,,
c3_13,c3,杭枢丹阳,L,,
c3_14,c3,C571XA,L,,
c3_15,c3,C513,L,,
c3_16,c3,C571XA,L,,
c3_17,c3,C523,L,,
c3_18,c3,C575H,L,,
c3_19,c3,C523,L,,
c3_20,c3,H575WA,L,,
c3_21,c3,C514,L,,
c3_22,c3,C575W,L,,
c3_23,c3,C511,L,,
c3_24,c3,C575EC,L,,
c3_25,c3,C595,L,,
c3_26,c3,C519,L,,
c3_27,c3,C594,L,,
c3_28,c3,C7311,L,,
c3_29,c3,C595,L,,
c3_30,c3,C7312,L,,
c3_31,c3,C515,L,,
c3_32,c3,潍坊,L,,
c3_33,c3,C853,L,,
c3_34,c3,潍坊,L,,
c3_35,c3,杭中杭关,L,,
c3_36,c3,济南,L,,
c3_37,c3,C512H,L,,
c3_38,c3,杭枢武汉,L,,
c3_39,c3,C512WA,L,,
c3_40,c3,C517,L,,
c3_41,c3,C512W,L,,
c3_42,c3,,L,,
c3_43,c3,C512WB,L,,
c3_44,c3,,L,,
c3_45,c3,杭枢南航,L,,
c3_46,c3,,L,,
c3_47,c3,,L,,
c3_48,c3,新加坡,L,,
c3_49,c3,,L,,
c3_50,c3,日本,L,,
c4_1,c4,,L,,
c4_2,c4,,L,,
c4_3,c4,,L,,
c4_4,c4,,L,,
c4_5,c4,C573,L,,
c4_6,c4,C580,L,,
c4_7,c4,C574W,L,,
c4_8,c4,C574WA,L,,
c4_9,c4,C574W,L,,
c4_10,c4,C574H,L,,
c4_11,c4,C574W,L,,
c4_12,c4,杭枢太原,L,,
c4_13,c4,,L,,
c4_14,c4,C576,L,,
c4_15,c4,C576,L,,
c4_16,c4,,L,,
c4_17,c4,,L,,
c4_18,c4,C578,L,,
c4_19,c4,C570,L,,
c4_20,c4,,L,,
c4_21,c4,C579WB,L,,
c4_22,c4,C579WA,L,,
c4_23,c4,C579H,L,,
c4_24,c4,,L,,
c4_25,c4,C574Z,L,,
c5_1,c5,752,A,,
c5_2,c5,755,A,,
c5_3,c5,757,A,,
c5_4,c5,7580,A,,
c5_5,c5,754,A,,
c5_6,c5,663,A,,
c5_7,c5,769,A,,
c5_8,c5,471,A,,
c5_9,c5,951,A,,
c5_10,c5,9520,A,,
c5_11,c5,9940,A,,
c5_12,c5,9930,A,,
c5_13,c5,9900,A,,
c5_14,c5,871,A,,
c5_15,c5,872,A,,
c5_16,c5,8730,A,,
c5_17,c5,8740,A,,
c5_18,c5,931,A,,
c5_19,c5,9320,A,,
c5_20,c5,9710,A,,
c5_21,c5,9340,A,,
c5_22,c5,851,A,,
c5_23,c5,8580,A,,
c5_24,c5,8550,A,,
c5_25,c5,8540,A,,
c5_26,c5,052,A,,
c5_27,c5,029,A,,
c5_28,c5,9150,A,,
c5_29,c5,010,A,,
c5_30,c5,022,A,,
c5_31,c5,316,A,,
c5_32,c5,315,A,,
c5_33,c5,317,A,,
c5_34,c5,451,A,,
c5_35,c5,4540,A,,
c5_36,c5,024,A,,
c5_37,c5,4120,A,,
c5_38,c5,4270,A,,
c5_39,c5,431,A,,
c5_40,c5,4340,A,,
c5_41,c5,411,A,,
c5_42,c5,3510,A,,
c5_43,c5,3550,A,,
c5_44,c5,3530,A,,
c5_45,c5,3520,A,,
c5_46,c5,371,A,,
c5_47,c5,3950,A,,
c5_48,c5,3790,A,,
c5_49,c5,3730,A,,
c5_50,c5,377,A,,
c5_51,c5,311,A,,
c5_52,c5,312,A,,
c5_53,c5,8120,A,,
c5_54,c5,7510,A,,
c5_55,c5,756,A,,
c5_56,c5,760,A,,
c5_57,c5,6620,A,,
c5_58,c5,020,A,,
c5_59,c5,020WD,A,,
c5_60,c5,020W,A,,
c5_61,c5,020WE,A,,
c5_62,c5,898,A,,
c5_63,c5,8981,A,,
c5_64,c5,028,A,,
c5_65,c5,8300,A,,
c5_66,c5,8910,A,,
c5_67,c5,8170,A,,
c5_68,c5,8320,A,,
c5_69,c5,8330,A,,
c5_70,c5,023,A,,
c5_71,c5,028,A,,
c5_72,c5,532,A,,
c5_73,c5,536,A,,
c5_74,c5,539,A,,
c5_75,c5,5330,A,,
c5_76,c5,632,A,,
c5_77,c5,633,A,,
c5_78,c5,546,A,,
c5_79,c5,7440,A,,
c5_80,c5,734,A,,
c5_81,c5,7300,A,,
c5_82,c5,7311,A,,
c5_83,c5,73120,A,,
c5_84,c5,591,A,,
c5_85,c5,592,A,,
c5_86,c5,599,A,,
c5_87,c5,598,A,,
c5_88,c5,593,A,,
c5_89,c5,596,A,,
c5_90,c5,594,A,,
c5_91,c5,595,A,,
c5_92,c5,531,A,,
c5_93,c5,5300,A,,
c5_94,c5,537,A,,
c5_95,c5,5340,A,,
c5_96,c5,631,A,,
c5_97,c5,535,A,,
c5_98,c5,027,A,,
c5_99,c5,718,A,,
c5_100,c5,7120,A,,
c5_101,c5,717,A,,
c5_102,c5,710,A,,
c5_103,c5,7130,A,,
c5_104,c5,7160,A,,
c6_1,c6,59101,A,,L
c6_2,c6,59201,A,,L
c6_3,c6,59401,A,,L
c6_4,c6,59501,A,,L
c6_5,c6,59301,A,,L
c6_6,c6,580,A,,L
c6_7,c6,576,A,,L
c6_8,c6,021,A,,L
c6_9,c6,025,A,,L
c6_10,c6,573,A,,L
c6_11,c6,515,A,,L
c6_12,c6,572,A,,L
c6_13,c6,510,A,,L
c6_14,c6,5170,A,,L
c6_15,c6,523,A,,L
c6_16,c6,570,A,,L
c6_17,c6,578,A,,L
c6_18,c6,519,A,,L
c6_19,c6,516,A,,L
c6_20,c6,513,A,,L
c6_21,c6,514,A,,L
c6_22,c6,511,A,,L
c6_23,c6,518,A,,L
c6_24,c6,793,A,,L
c6_25,c6,791,A,,L
c6_26,c6,798,A,,L
c6_27,c6,794,A,,L
c6_28,c6,792,A,,L
c6_29,c6,795,A,,L
c6_30,c6,701,A,,L
c6_31,c6,799,A,,L
c6_32,c6,796,A,,L
c6_33,c6,797,A,,L
c6_34,c6,790,A,,L
c6_35,c6,563,A,,L
c6_36,c6,559,A,,L
c6_37,c6,553,A,,L
c6_38,c6,5520,A,,L
c6_39,c6,5560,A,,L
c6_40,c6,550,A,,L
c6_41,c6,571XA,A,,L
c6_42,c6,512W,A,,L
c6_43,c6,566,A,,L
c6_44,c6,562,A,,L
c6_45,c6,555,A,,L
c6_46,c6,551,A,,L
c6_47,c6,579WA,A,,L
c6_48,c6,579WB,A,,L
c6_49,c6,512WB,A,,L
c6_50,c6,512WA,A,,L
c6_51,c6,512WC,A,,L
c6_52,c6,571,A,,L
c6_53,c6,976,A,,
c6_54,c6,3520,A,,
c6_55,c6,479,A,,
c6_56,c6,474,A,,
c6_57,c6,477,A,,
c6_58,c6,852,A,,
c6_59,c6,898,A,,
c6_60,c6,8981,A,,
c6_61,c6,471,A,,
c6_62,c6,951,A,,
c6_63,c6,9520,A,,
c6_64,c6,575W,A,,L
c6_65,c6,575WA,A,,L
c6_66,c6,575D,A,,L
c6_67,c6,575K,A,,L
c6_68,c6,575EC,A,,L
c6_69,c6,577,A,,L
c6_70,c6,574W,A,,L
c6_71,c6,574WA,A,,L
c6_72,c6,532,A,,
c6_73,c6,536,A,,
c6_74,c6,539,A,,
c6_75,c6,5330,A,,
c6_76,c6,632,A,,
c6_77,c6,633,A,,
c6_78,c6,546,A,,
c6_79,c6,7440,A,,
c6_80,c6,734,A,,
c6_81,c6,7300,A,,
c6_82,c6,7311,A,,
c6_83,c6,73120,A,,
c6_84,c6,591,A,,
c6_85,c6,592,A,,
c6_86,c6,599,A,,
c6_87,c6,598,A,,
c6_88,c6,593,A,,
c6_89,c6,596,A,,
c6_90,c6,594,A,,
c6_91,c6,595,A,,
c6_92,c6,531,A,,
c6_93,c6,5300,A,,
c6_94,c6,537,A,,
c6_95,c6,5340,A,,
c6_96,c6,631,A,,
c6_97,c6,535,A,,
c6_98,c6,027,A,,
c6_99,c6,718,A,,
c6_100,c6,7120,A,,
c6_101,c6,717,A,,
c6_102,c6,710,A,,
c6_103,c6,7130,A,,
c6_104,c6,7160,A,,
c7_1,c7,752,A,,
c7_2,c7,755,A,,
c7_3,c7,757,A,,
c7_4,c7,7580,A,,
c7_5,c7,754,A,,
c7_6,c7,663,A,,
c7_7,c7,769,A,,
c7_8,c7,471,A,,
c7_9,c7,951,A,,
c7_10,c7,9520,A,,
c7_11,c7,9940,A,,
c7_12,c7,9930,A,,
c7_13,c7,9900,A,,
c7_14,c7,871,A,,
c7_15,c7,872,A,,
c7_16,c7,8730,A,,
c7_17,c7,8740,A,,
c7_18,c7,931,A,,
c7_19,c7,9320,A,,
c7_20,c7,9710,A,,
c7_21,c7,9340,A,,
c7_22,c7,851,A,,
c7_23,c7,8580,A,,
c7_24,c7,8550,A,,
c7_25,c7,8540,A,,
c7_26,c7,052,A,,
c7_27,c7,029,A,,
c7_28,c7,9150,A,,
c7_29,c7,010,A,,
c7_30,c7,022,A,,
c7_31,c7,316,A,,
c7_32,c7,315,A,,
c7_33,c7,317,A,,
c7_34,c7,451,A,,
c7_35,c7,4540,A,,
c7_36,c7,024,A,,
c7_37,c7,4120,A,,
c7_38,c7,4270,A,,
c7_39,c7,431,A,,
c7_40,c7,4340,A,,
c7_41,c7,411,A,,
c7_42,c7,3510,A,,
c7_43,c7,3550,A,,
c7_44,c7,3530,A,,
c7_45,c7,470,A,,
c7_46,c7,371,A,,
c7_47,c7,3950,A,,
c7_48,c7,3790,A,,
c7_49,c7,3730,A,,
c7_50,c7,377,A,,
c7_51,c7,311,A,,
c7_52,c7,312,A,,
c7_53,c7,4720,A,,
c7_54,c7,4360,A,,
c7_55,c7,762,A,,
c7_56,c7,756,A,,
c7_57,c7,760,A,,
c7_58,c7,6620,A,,
c7_59,c7,020WD,A,,
c7_60,c7,020W,A,,
c7_61,c7,020WE,A,,
c7_62,c7,898,A,,
c7_63,c7,8981,A,,
c7_64,c7,023,A,,
c7_65,c7,8300,A,,
c7_66,c7,8910,A,,
c7_67,c7,8170,A,,
c7_68,c7,8320,A,,
c7_69,c7,8330,A,,
c7_70,c7,023,A,,
c7_71,c7,028,A,,
c7_72,c7,532,A,,
c7_73,c7,536,A,,
c7_74,c7,539,A,,
c7_75,c7,5330,A,,
c7_76,c7,632,A,,
c7_77,c7,633,A,,
c7_78,c7,546,A,,
c7_79,c7,7440,A,,
c7_80,c7,734,A,,
c7_81,c7,7300,A,,
c7_82,c7,7311,A,,
c7_83,c7,73120,A,,
c7_84,c7,591,A,,
c7_85,c7,592,A,,
c7_86,c7,599,A,,
c7_87,c7,598,A,,
c7_88,c7,593,A,,
c7_89,c7,597,A,,
c7_90,c7,594,A,,
c7_91,c7,595,A,,
c7_92,c7,531,A,,
c7_93,c7,5300,A,,
c7_94,c7,537,A,,
c7_95,c7,5340,A,,
c7_96,c7,631,A,,
c7_97,c7,535,A,,
c7_98,c7,027,A,,
c7_99,c7,718,A,,
c7_100,c7,7120,A,,
c7_101,c7,717,A,,
c7_102,c7,452,A,,
c7_103,c7,711,A,,
c7_104,c7,7280,A,,
c8_1,c8,,L,,
c8_2,c8,,L,,
c8_3,c8,,L,,
c8_4,c8,COS,L,,
c8_5,c8,RMS,L,,
c8_6,c8,T801,L,,
c8_7,c8,853,L,,A
c8_8,c8,886,L,,A
c8_9,c8,793,L,,
c8_10,c8,791,L,,
c8_11,c8,798,L,,
c8_12,c8,794,L,,
c8_13,c8,792,L,,
c8_14,c8,795,L,,
c8_15,c8,701,L,,
c8_16,c8,799,L,,
c8_17,c8,796,L,,
c8_18,c8,797,L,,
c8_19,c8,790,L,,
c8_20,c8,563,L,,
c8_21,c8,559,L,,
c8_22,c8,553,L,,
c8_23,c8,5520,L,,
c8_24,c8,5560,L,,
c8_25,c8,550,L,,
c8_26,c8,555,L,,
c8_27,c8,551,L,,
c8_28,c8,566,L,,
c8_29,c8,562,L,,
c8_30,c8,571XA,L,,
c8_31,c8,917,L,,A
c8_32,c8,816,L,,A
c8_33,c8,432,L,,A
c8_34,c8,753,L,,A
c8_35,c8,319,L,,A
c8_36,c8,459,L,,A
c8_37,c8,750,L,,A
c8_38,c8,310,L,,A
c8_39,c8,415,L,,A
c8_40,c8,335,L,,A
c8_41,c8,912,L,,A
c8_42,c8,476,L,,A
c8_43,c8,318,L,,A
c8_44,c8,359,L,,A
c8_45,c8,818,L,,A
c8_46,c8,834,L,,A
c8_47,c8,378,L,,A
c8_48,c8,475,L,,A
c8_49,c8,660,L,,A
c8_50,c8,768,L,,A
c8_51,c8,314,L,,A
c8_52,c8,453,L,,A
c8_53,c8,571,L,,
c8_54,c8,575W,L,,
c8_55,c8,575WA,L,,
c8_56,c8,575D,L,,
c8_57,c8,575K,L,,
c8_58,c8,575EC,L,,
c8_59,c8,577,L,,
c8_60,c8,574W,L,,
c8_61,c8,574WA,L,,
c8_62,c8,512WB,L,,
c8_63,c8,512WA,L,,
c8_64,c8,512WC,L,,
c8_65,c8,579WA,L,,
c8_66,c8,579WB,L,,
c8_67,c8,021,L,,
c8_68,c8,025,L,,
c8_69,c8,573,L,,
c8_70,c8,515,L,,
c8_71,c8,510,L,,
c8_72,c8,5170,L,,
c8_73,c8,523,L,,
c8_74,c8,570,L,,
c8_75,c8,578,L,,
c8_76,c8,519,L,,
c8_77,c8,516,L,,
c8_78,c8,513,L,,
c8_79,c8,514,L,,
c8_80,c8,511,L,,
c8_81,c8,518,L,,
c8_82,c8,512W,L,,
c8_83,c8,028,L,,A
c8_84,c8,976,L,,A
c8_85,c8,875,L,,A
c8_86,c8,894,L,,A
c8_87,c8,421,L,,A
c8_88,c8,414,L,,A
c8_89,c8,088,L,,A
c8_90,c8,358,L,,A
c8_91,c8,479,L,,A
c8_92,c8,474,L,,A
c8_93,c8,452,L,,A
c8_94,c8,979,L,,A
c8_95,c8,477,L,,A
c8_96,c8,433,L,,A
c8_97,c8,313,L,,A
c8_98,c8,774,L,,A
c8_99,c8,691,L,,A
c8_100,c8,771,L,,A
c8_101,c8,772,L,,A
c8_102,c8,7750,L,,A
c8_103,c8,7760,L,,A
c8_104,c8,773,L,,A
c9_1,c9,,,,
c9_2,c9,,,,
c9_3,c9,,,,
c9_4,c9,,,,
c9_5,c9,,,,
c9_6,c9,,,,
c9_7,c9,,,,
c9_8,c9,,,,
c9_9,c9,,,,
c9_10,c9,,,,
c9_11,c9,,,,
c9_12,c9,,,,
c9_13,c9,,,,
c9_14,c9,,,,
c9_15,c9,,,,
c9_16,c9,,,,
c9_17,c9,,,,
c9_18,c9,,,,
c9_19,c9,,,,
c9_20,c9,,,,
c9_21,c9,,,,
c9_22,c9,,,,
c9_23,c9,,,,
c9_24,c9,,,,
c9_25,c9,,,,
c9_26,c9,,,,
c9_27,c9,,,,
c9_28,c9,570,L,,
c9_29,c9,572,L,,
c9_30,c9,573,L,,
c9_31,c9,576,L,,
c9_32,c9,578,L,,
c9_33,c9,579WB,L,,
c9_34,c9,579WA,L,,
c9_35,c9,580,L,,
c9_36,c9,574KC,L,,
c9_37,c9,574DF,L,,
c9_38,c9,574FC,L,,
c9_39,c9,574GE,L,,
c9_40,c9,574B,L,,
c9_41,c9,574GA,L,,
c9_42,c9,574ED,L,,
c9_43,c9,574DC,L,,
c9_44,c9,574EF,L,,
c9_45,c9,574ES,L,,
c9_46,c9,574EN,L,,
c9_47,c9,574K,L,,
c9_48,c9,574Q,L,,
c9_49,c9,574FA,L,,
c9_50,c9,574EX,L,,
c9_51,c9,574DN,L,,
c9_52,c9,574EY,L,,
c9_53,c9,574MM,L,,
c9_54,c9,574J,L,,
c9_55,c9,574TD,L,,
c9_56,c9,574EA,L,,
c9_57,c9,574BE,L,,
c9_58,c9,574MA,L,,
c9_59,c9,574LA,L,,
c9_60,c9,574F,L,,
c9_61,c9,574FB,L,,
c9_62,c9,574TC,L,,
c9_63,c9,574LC,L,,
c9_64,c9,574AB,L,,
c9_65,c9,574DM,L,,
c9_66,c9,574W,L,,
c9_67,c9,574WA,L,,
c9_68,c9,574LE,L,,
c9_69,c9,574JI,L,,
c9_70,c9,574L,L,,
c9_71,c9,574JA,L,,
c9_72,c9,574G,L,,
c9_73,c9,574W,L,,
c9_74,c9,574WA,L,,
c9_75,c9,574EB,L,,
c9_76,c9,574C,L,,
c9_77,c9,574LB,L,,
c9_78,c9,574PA,L,,
c9_79,c9,574KB,L,,
c9_80,c9,574CA,L,,
c9_81,c9,574DB,L,,
c9_82,c9,574EC,L,,
c9_83,c9,574P,L,,
c9_84,c9,574BA,L,,
c9_85,c9,574SA,L,,
c9_86,c9,574LG,L,,
c9_87,c9,574H,L,,
c9_88,c9,574PC,L,,
c9_89,c9,574LQ,L,,
c9_90,c9,574D,L,,
c9_91,c9,574DA,L,,
c9_92,c9,574HC,L,,
c9_93,c9,574CC,L,,
c9_94,c9,574DJ,L,,
c9_95,c9,574U,L,,
c9_96,c9,574KA,L,,
c9_97,c9,574W,L,,
c9_98,c9,574WA,L,,
c9_99,c9,T801,L,,
c9_100,c9,COS,L,,
c9_101,c9,RMS,L,,
c9_102,c9,,,,
c9_103,c9,,,,
c9_104,c9,,,,
c10_1,c10,571WXA,L,,
c10_2,c10,571KL010-K,L,,
c10_3,c10,571KL012-K,L,,
c10_4,c10,571CC,L,,
c10_5,c10,571TM,L,,
c10_6,c10,571HC,L,,
c10_7,c10,571TD,L,,
c10_8,c10,571KC,L,,
c10_9,c10,571TN,L,,
c10_10,c10,571MB,L,,
c10_11,c10,571MD,L,,
c10_12,c10,571AD001-A,L,,
c10_13,c10,571AF,L,,
c10_14,c10,571AD003-A,L,,
c10_15,c10,571AD048-A,L,,
c10_16,c10,571BM,L,,
c10_17,c10,571NB,L,,
c10_18,c10,571QB,L,,
c10_19,c10,571HB,L,,
c10_20,c10,571KT,L,,
c10_21,c10,571KF,L,,
c10_22,c10,571D,L,,
c10_23,c10,571PB,L,,
c10_24,c10,571AJ,L,,
c10_25,c10,571AD012-A,L,,
c10_26,c10,571AD013-A,L,,
c10_27,c10,571AD014-A,L,,
c10_28,c10,571KJ,L,,
c10_29,c10,571TE,L,,
c10_30,c10,571TK,L,,
c10_31,c10,571AM,L,,
c10_32,c10,571KA,L,,
c10_33,c10,571FH,L,,
c10_34,c10,571KL,L,,
c10_35,c10,571QA014,L,,
c10_36,c10,571QA015,L,,
c10_37,c10,571L,L,,
c10_38,c10,571QA,L,,
c10_39,c10,571QA001,L,,
c10_40,c10,571QA002,L,,
c10_41,c10,571HN,L,,
c10_42,c10,571J,L,,
c10_43,c10,571FF,L,,
c10_44,c10,571JB,L,,
c10_45,c10,571SE,L,,
c10_46,c10,571SP,L,,
c10_47,c10,571QA008,L,,
c10_48,c10,571QA009,L,,
c10_49,c10,571QA010,L,,
c10_50,c10,571QA011,L,,
c10_51,c10,571QA012,L,,
c10_52,c10,571LD,L,,
c10_53,c10,571AA001-C,L,,
c10_54,c10,571HP,L,,
c10_55,c10,571PBRJ,L,,
c10_56,c10,571LH,L,,
c10_57,c10,571SB,L,,
c10_58,c10,571GC,L,,
c10_59,c10,571EA,L,,
c10_60,c10,571AD,L,,
c10_61,c10,571PBWY,L,,
c10_62,c10,571PBHC,L,,
c10_63,c10,571PBQJ,L,,
c10_64,c10,571PBCF,L,,
c10_65,c10,571FQ,L,,
c10_66,c10,571DJ,L,,
c10_67,c10,571K,L,,
c10_68,c10,571NF,L,,
c10_69,c10,571NG,L,,
c10_70,c10,571TB,L,,
c10_71,c10,571KL001-K,L,,
c10_72,c10,571KL006-K,L,,
c10_73,c10,571KL007-K,L,,
c10_74,c10,571KL008-K,L,,
c10_75,c10,571FB,L,,
c10_76,c10,571CK,L,,
c10_77,c10,571CL,L,,
c10_78,c10,571FT,L,,
c10_79,c10,571FL,L,,
c10_80,c10,571NH,L,,
c10_81,c10,571HG,L,,
c10_82,c10,571HJ,L,,
c10_83,c10,571HK,L,,
c10_84,c10,571KS,L,,
c10_85,c10,571QC,L,,
c10_86,c10,571QP,L,,
c10_87,c10,571SQ,L,,
c10_88,c10,571ST,L,,
c10_89,c10,571FK,L,,
c10_90,c10,571SA,L,,
c10_91,c10,571QA003,L,,
c10_92,c10,571QA004,L,,
c10_93,c10,571QA005,L,,
c10_94,c10,571QA006,L,,
c10_95,c10,571PH,L,,
c10_96,c10,571SC,L,,
c10_97,c10,571MQ,L,,
c10_98,c10,571PG,L,,
c10_99,c10,571MC,L,,
c10_100,c10,571M,L,,
c10_101,c10,571QA013,L,,
c10_102,c10,571P,L,,
c10_103,c10,571FG,L,,
c10_104,c10,571TL,L,,
c11_1,c11,575GD,L,,
c11_2,c11,575BK,L,,
c11_3,c11,575EG,L,,
c11_4,c11,575BF,L,,
c11_5,c11,575BC,L,,
c11_6,c11,575,L,,
c11_7,c11,575KB,L,,
c11_8,c11,575DK,L,,
c11_9,c11,575DE,L,,
c11_10,c11,575JE,L,,
c11_11,c11,575GJ,L,,
c11_12,c11,575EJ,L,,
c11_13,c11,575GK,L,,
c11_14,c11,575KC,L,,
c11_15,c11,575HA,L,,
c11_16,c11,575Q,L,,
c11_17,c11,575M,L,,
c11_18,c11,575JC,L,,
c11_19,c11,575MA,L,,
c11_20,c11,575G,L,,
c11_21,c11,575EC,L,,
c11_22,c11,575JD,L,,
c11_23,c11,575B,L,,
c11_24,c11,575A,L,,
c11_25,c11,575FA,L,,
c11_26,c11,575GA,L,,
c11_27,c11,575S,L,,
c11_28,c11,575C,L,,
c11_29,c11,575EF,L,,
c11_30,c11,575CF,L,,
c11_31,c11,575J,L,,
c11_32,c11,575F,L,,
c11_33,c11,575EB,L,,
c11_34,c11,575ED,L,,
c11_35,c11,575EH,L,,
c11_36,c11,575E,L,,
c11_37,c11,575GM,L,,
c11_38,c11,575BD,L,,
c11_39,c11,575K,L,,
c11_40,c11,575CE,L,,
c11_41,c11,575D,L,,
c11_42,c11,575DA,L,,
c11_43,c11,575H,L,,
c11_44,c11,575SA,L,,
c11_45,c11,575DC,L,,
c11_46,c11,575EA,L,,
c11_47,c11,575JA,L,,
c11_48,c11,575KA,L,,
c11_49,c11,575CD,L,,
c11_50,c11,575GH,L,,
c11_51,c11,575JH,L,,
c11_52,c11,575EK,L,,
c11_53,c11,574W,L,,
c11_54,c11,574WA,L,,
c11_55,c11,574LF,L,,
c11_56,c11,574DE,L,,
c11_57,c11,574LP,L,,
c11_58,c11,574LH,L,,
c11_59,c11,574LK,L,,
c11_60,c11,574EM,L,,
c11_61,c11,574AA,L,,
c11_62,c11,574T,L,,
c11_63,c11,574JC,L,,
c11_64,c11,574PD,L,,
c11_65,c11,574SS,L,,
c11_66,c11,574TF,L,,
c11_67,c11,574KD,L,,
c11_68,c11,577GE,L,,
c11_69,c11,577AA,L,,
c11_70,c11,577DH,L,,
c11_71,c11,577HA,L,,
c11_72,c11,577F,L,,
c11_73,c11,577CF,L,,
c11_74,c11,577CJ,L,,
c11_75,c11,577LC,L,,
c11_76,c11,577CL,L,,
c11_77,c11,577FA,L,,
c11_78,c11,577UA,L,,
c11_79,c11,577JH,L,,
c11_80,c11,577DE,L,,
c11_81,c11,577LH,L,,
c11_82,c11,577DB,L,,
c11_83,c11,577JC,L,,
c11_84,c11,577KC,L,,
c11_85,c11,577CM,L,,
c11_86,c11,577NE,L,,
c11_87,c11,577JK,L,,
c11_88,c11,577CE,L,,
c11_89,c11,577FF,L,,
c11_90,c11,577DD,L,,
c11_91,c11,577JL,L,,
c11_92,c11,577JM,L,,
c11_93,c11,577B,L,,
c11_94,c11,577GH,L,,
c11_95,c11,577D,L,,
c11_96,c11,577FB,L,,
c11_97,c11,577NF,L,,
c11_98,c11,577DQ,L,,
c11_99,c11,577CQ,L,,
c11_100,c11,577N,L,,
c11_101,c11,577PN,L,,
c11_102,c11,577FC,L,,
c11_103,c11,577LF,L,,
c11_104,c11,577CT,L,,
c12_1,c12,571FN,L,,
c12_2,c12,571FC,L,,
c12_3,c12,571SD,L,,
c12_4,c12,571GB,L,,
c12_5,c12,571G,L,,
c12_6,c12,571QA017,L,,
c12_7,c12,571FJ,L,,
c12_8,c12,571QA016,L,,
c12_9,c12,571LA,L,,
c12_10,c12,577,L,,
c12_11,c12,577,L,,
c12_12,c12,577,L,,
c12_13,c12,577,L,,
c12_14,c12,577H,L,,
c12_15,c12,577HE,L,,
c12_16,c12,577DL,L,,
c12_17,c12,577Q,L,,
c12_18,c12,577AG,L,,
c12_19,c12,577U,L,,
c12_20,c12,577AE,L,,
c12_21,c12,577CC,L,,
c12_22,c12,577DK,L,,
c12_23,c12,577HC,L,,
c12_24,c12,577HD,L,,
c12_25,c12,577HF,L,,
c12_26,c12,577M,L,,
c12_27,c12,577CB,L,,
c12_28,c12,577DA,L,,
c12_29,c12,577FG,L,,
c12_30,c12,577AF,L,,
c12_31,c12,577BA,L,,
c12_32,c12,577GA,L,,
c12_33,c12,577MA,L,,
c12_34,c12,577CA,L,,
c12_35,c12,577CS,L,,
c12_36,c12,577NC,L,,
c12_37,c12,577BD,L,,
c12_38,c12,577DM,L,,
c12_39,c12,577JD,L,,
c12_40,c12,577L,L,,
c12_41,c12,577UB,L,,
c12_42,c12,577GF,L,,
c12_43,c12,577AB,L,,
c12_44,c12,577AM,L,,
c12_45,c12,577CK,L,,
c12_46,c12,577FD,L,,
c12_47,c12,577DF,L,,
c12_48,c12,577JB,L,,
c12_49,c12,577LB,L,,
c12_50,c12,577CH,L,,
c12_51,c12,577CI,L,,
c12_52,c12,577LA,L,,
c12_53,c12,571JC,L,,
c12_54,c12,571AB,L,,
c12_55,c12,571QA007,L,,
c12_56,c12,571PBSM,L,,
c12_57,c12,571FR,L,,
c12_58,c12,571SH,L,,
c12_59,c12,571FS,L,,
c12_60,c12,571FX,L,,
c12_61,c12,571FA,L,,
c12_62,c12,571AA,L,,
c12_63,c12,571CS,L,,
c12_64,c12,571E,L,,
c12_65,c12,571PC,L,,
c12_66,c12,571B,L,,
c12_67,c12,571QD,L,,
c12_68,c12,571QE,L,,
c12_69,c12,571FM,L,,
c12_70,c12,571KB,L,,
c12_71,c12,571DA,L,,
c12_72,c12,571H,L,,
c12_73,c12,571TQ,L,,
c12_74,c12,571TF,L,,
c12_75,c12,571TP,L,,
c12_76,c12,571TC,L,,
c12_77,c12,571DB,L,,
c12_78,c12,571DC,L,,
c12_79,c12,571AD021-A,L,,
c12_80,c12,571MF,L,,
c12_81,c12,571PF,L,,
c12_82,c12,571AQ,L,,
c12_83,c12,571AC,L,,
c12_84,c12,571NC,L,,
c12_85,c12,571NA,L,,
c12_86,c12,571NE,L,,
c12_87,c12,571AE,L,,
c12_88,c12,571QF,L,,
c12_89,c12,571AG,L,,
c12_90,c12,571KN,L,,
c12_91,c12,571SF,L,,
c12_92,c12,571PD,L,,
c12_93,c12,571CD,L,,
c12_94,c12,571CS015-S,L,,
c12_95,c12,571KH,L,,
c12_96,c12,571TH,L,,
c12_97,c12,571FE,L,,
c12_98,c12,571KM,L,,
c12_99,c12,571FP,L,,
c12_100,c12,571LB,L,,
c12_101,c12,571FD,L,,
c12_102,c12,571PBWX,L,,
c12_103,c12,571CS019-S,L,,
c12_104,c12,571KL009-K,L,,
c13_1,c13,023,A,,
c13_2,c13,592,A,,
c13_3,c13,812H,A,,
c13_4,c13,592,A,,
c13_5,c13,812H,A,,
c13_6,c13,5940,A,,
c13_7,c13,028,A,,
c13_8,c13,5940,A,,
c13_9,c13,028,A,,
c13_10,c13,5950,A,,
c13_11,c13,028,A,,
c13_12,c13,,A,,
c13_13,c13,771,A,,
c13_14,c13,4310,A,,
c13_15,c13,7710,A,,
c13_16,c13,4310,A,,
c13_17,c13,7700,A,,
c13_18,c13,431H,A,,
c13_19,c13,772,A,,
c13_20,c13,027,A,,
c13_21,c13,7311,A,,
c13_22,c13,027,A,,
c13_23,c13,7311,A,,
c13_24,c13,武汉次日1,A,,
c13_25,c13,734,A,,
c13_26,c13,武汉次日2,A,,
c13_27,c13,730,A,,
c13_28,c13,武汉隔日,A,,
c14_1,c14,江门佛山,A,,
c14_2,c14,9910,A,,
c14_3,c14,020,A,,
c14_4,c14,9910,A,,
c14_5,c14,020,A,,
c14_6,c14,M991,A,,
c14_7,c14,769,A,,
c14_8,c14,9310,A,,
c14_9,c14,755,A,,
c14_10,c14,371,A,,
c14_11,c14,755,A,,
c14_12,c14,371,A,,
c14_13,c14,深圳混,A,,
c14_14,c14,郑州次日,A,,
c14_15,c14,SZH,A,,
c14_16,c14,郑州次日,A,,
c14_17,c14,CCTV,A,,
c14_18,c14,郑州隔日,A,,
c14_19,c14,香港台湾,A,,
c14_20,c14,郑州隔日,A,,
c14_21,c14,853国际,A,,
c14_22,c14,8180,A,,
c14_23,c14,753,A,,
c14_24,c14,023Q,A,,
c14_25,c14,663H,A,,
c14_26,c14,023Q,A,,
c14_27,c14,660,A,,
c14_28,c14,023,A,,
c115_1,c15,,A,,
c115_2,c15,,A,,
c115_3,c15,,A,,
c115_4,c15,,A,,
c115_5,c15,,A,,
c115_6,c15,,A,,
c115_7,c15,,A,,
c115_8,c15,,A,,
c115_9,c15,,A,,
c115_10,c15,,A,,
c115_11,c15,,A,,
c115_12,c15,,A,,
c115_13,c15,,A,,
c115_14,c15,,A,,
c115_15,c15,,A,,
c115_16,c15,,A,,
c115_17,c15,,A,,
c115_18,c15,,A,,
c115_19,c15,,A,,
c115_20,c15,,A,,
c115_21,c15,,A,,
c115_22,c15,,A,,
c115_23,c15,,A,,
c115_24,c15,,A,,
c115_25,c15,,A,,
c115_26,c15,,A,,
c115_27,c15,,A,,
c115_28,c15,,A,,
c16_1,c16,大连,A,,
c16_2,c16,351,A,,
c16_3,c16,HL,A,,
c16_4,c16,350Q,A,,
c16_5,c16,898,A,,
c16_6,c16,991Q,A,,
c16_7,c16,8981,A,,
c16_8,c16,901Q,A,,
c16_9,c16,930Q,A,,
c16_10,c16,971Q,A,,
c16_11,c16,931Q,A,,
c16_12,c16,951Q,A,,
c16_13,c16,451Q,A,,
c16_14,c16,911Q,A,,
c16_15,c16,4510,A,,
c16_16,c16,029Q,A,,
c16_17,c16,471Q,A,,
c16_18,c16,851Q,A,,
c16_19,c16,472Q,A,,
c16_20,c16,053Q,A,,
c16_21,c16,532Q,A,,
c16_22,c16,052Q,A,,
c16_23,c16,535Q,A,,
c16_24,c16,891Q,A,,
c16_25,c16,WFQ,A,,
c16_26,c16,433,A,,
c16_27,c16,530Q,A,,
c16_28,c16,773Q,A,,
c17_1,c17,350H,A,,
c17_2,c17,451Q,A,,
c17_3,c17,351,A,,
c17_4,c17,黑龙江区,A,,
c17_5,c17,311,A,,
c17_6,c17,411,A,,
c17_7,c17,311,A,,
c17_8,c17,411,A,,
c17_9,c17,022,A,,
c17_10,c17,411,A,,
c17_11,c17,天津,A,,
c17_12,c17,411,A,,
c17_13,c17,010Q,A,,
c17_14,c17,535,A,,
c17_15,c17,010,A,,
c17_16,c17,631,A,,
c17_17,c17,010,A,,
c17_18,c17,618山东隔日,A,,
c17_19,c17,010,A,,
c17_20,c17,531,A,,
c17_21,c17,010,A,,
c17_22,c17,山东次日,A,,
c17_23,c17,476,A,,
c17_24,c17,山东次日,A,,
c17_25,c17,356H,A,,
c17_26,c17,山东隔日,A,,
c17_27,c17,张家口,A,,
c17_28,c17,山东隔日,A,,
c18_1,c18,,A,,
c18_2,c18,024A,A,,
c18_3,c18,,A,,
c18_4,c18,C沈阳二级,A,,
c18_5,c18,,A,,
c18_6,c18,,A,,
c18_7,c18,沈阳次日,A,,
c18_8,c18,917,A,,
c18_9,c18,024,A,,
c18_10,c18,029,A,,
c18_11,c18,024,A,,
c18_12,c18,029,A,,
c18_13,c18,C沈阳二级,A,,
c18_14,c18,029,A,,
c18_15,c18,C沈阳二级,A,,
c18_16,c18,西安隔日,A,,
c18_17,c18,哈尔滨二级,A,,
c18_18,c18,,A,,
c18_19,c18,880,A,,
c18_20,c18,851,A,,
c18_21,c18,871,A,,
c18_22,c18,052,A,,
c18_23,c18,871,A,,
c18_24,c18,8510,A,,
c18_25,c18,昆明二级,A,,
c18_26,c18,时效挽救,A,,
c18_27,c18,昆明二级,A,,
c18_28,c18,高危快件,A,,
